{
  "setting": {
    "compileHotReLoad": true,
    "urlCheck": false,
    "useIsolateContext": true
  },
  "condition": {
    "miniprogram": {
      "list": [
        {
          "name": "",
          "pathName": "pages/TagDetail/TagDetail",
          "query": "",
          "launchMode": "default",
          "scene": null
        },
        {
          "name": "",
          "pathName": "pages/ReleasePal/ReleasePal",
          "query": "",
          "launchMode": "default",
          "scene": null
        },
        {
          "name": "",
          "pathName": "pages/TrafficSearch/TrafficSearch",
          "query": "",
          "launchMode": "default",
          "scene": null
        }
      ]
    }
  },
  "projectname": "rjgc_yj2.0",
  "description": "项目私有配置文件。此文件中的内容将覆盖 project.config.json 中的相同字段。项目的改动优先同步到此文件中。详见文档：https://developers.weixin.qq.com/miniprogram/dev/devtools/projectconfig.html",
  "libVersion": "2.24.4"
}